model,prediction_type,MAE,MSE,RMSE
2080,continous,0.7520166316699214,0.9011807616202496,0.949305410086896
2080,discrete,0.7172889865076875,0.9841020813722414,0.9920191940543497
disjoint,continous,0.8563911501301819,1.1578776874270942,1.0760472514843826
disjoint,discrete,0.820828331332533,1.2274909963985594,1.107921927032117
